{"cameraMode":{"drawMode":0,"name":"Shaded","section":"Shading Mode"},"sceneLighting":false,"audioPlay":false,"sceneViewState":{"m_AlwaysRefresh":false,"showFog":true,"showSkybox":true,"showFlares":true,"showImageEffects":true,"showParticleSystems":true,"showVisualEffectGraphs":true,"m_FxEnabled":true},"in2DMode":false,"pivot":{"x":0.389260858297348,"y":2.532482147216797,"z":1.348280906677246},"rotation":{"x":0.4582672417163849,"y":0.0032115427311509849,"z":-0.0016124278772622347,"w":0.8888884782791138},"size":15.76370620727539,"orthographic":false}