{"cameraMode":{"drawMode":0,"name":"Shaded","section":"Shading Mode"},"sceneLighting":false,"audioPlay":false,"sceneViewState":{"m_AlwaysRefresh":false,"showFog":true,"showSkybox":false,"showFlares":true,"showImageEffects":true,"showParticleSystems":true,"showVisualEffectGraphs":true,"m_FxEnabled":true},"in2DMode":false,"pivot":{"x":-1.8427433967590333,"y":2.638427972793579,"z":-0.4302832782268524},"rotation":{"x":0.002307810354977846,"y":0.9973016381263733,"z":-0.034129682928323749,"w":0.06676910817623139},"size":4.47067928314209,"orthographic":false}